{"target": -1.0006763239467973, "params": {"lr_bi": 0.0039963209507788994, "lr_bu": 0.00860571445127933, "lr_pu": 0.006855951534491241, "lr_qi": 0.005789267873576293, "lr_yj": 0.0022481491235394925, "n_epochs": 66.61783553280004, "n_factors": 13.422123764388921, "reg_bi": 0.7808967697396924, "reg_bu": 0.5449923604514558, "reg_pu": 0.6401845942384805, "reg_qi": 0.028320199923264178, "reg_yj": 0.8732197684241749}, "datetime": {"datetime": "2021-05-29 15:40:57", "elapsed": 0.0, "delta": 0.0}}
